title,release_date,overview,popularity,vote_average,vote_count,imdb_id,weighted_rating
The Godfather,1972-03-14,"Spanning the years 1945 to 1955, a chronicle of the fictional Italian-American Corleone crime family. When organized crime family patriarch, Vito Corleone barely survives an attempt on his life, his youngest son, Michael steps in to take care of the would-be killers, launching a campaign of bloody revenge.",167.536,8.7,18989,tt0068646,8.693671519335632
The Shawshank Redemption,1994-09-23,"Framed in the 1940s for the double murder of his wife and her lover, upstanding banker Andy Dufresne begins a new life at the Shawshank prison, where he puts his accounting skills to work for an amoral warden. During his long stretch in prison, Dufresne comes to be admired by the other inmates -- including an older prisoner named Red -- for his integrity and unquenchable sense of hope.",179.959,8.705,24982,tt0111161,8.699938803787237
The Godfather Part II,1974-12-20,"In the continuing saga of the Corleone crime family, a young Vito Corleone grows up in Sicily and in 1910s New York. In the 1950s, Michael Corleone attempts to expand the family business into Las Vegas, Hollywood and Cuba.",106.688,8.589,11467,tt0071562,8.58775671773482
Schindler's List,1993-12-15,The true story of how businessman Oskar Schindler saved over a thousand Jewish lives from the Nazis while they worked as slaves in his factory during World War II.,81.656,8.571,14814,tt0108052,8.571158087770328
Dilwale Dulhania Le Jayenge,1995-10-20,"Raj is a rich, carefree, happy-go-lucky second generation NRI. Simran is the daughter of Chaudhary Baldev Singh, who in spite of being an NRI is very strict about adherence to Indian values. Simran has left for India to be married to her childhood fianc√©. Raj leaves for India with a mission at his hands, to claim his lady love under the noses of her whole family. Thus begins a saga.",43.081,8.546,4282,tt0112870,8.551206361226807
12 Angry Men,1957-04-10,"The defense and the prosecution have rested and the jury is filing into the jury room to decide if a young Spanish-American is guilty or innocent of murdering his father. What begins as an open and shut case soon becomes a mini-drama of each of the jurors' prejudices and preconceptions about the trial, the accused, and each other.",66.507,8.546,7806,tt0050083,8.54912287076993
Spirited Away,2001-07-20,"A young girl, Chihiro, becomes trapped in a strange new world of spirits. When her parents undergo a mysterious transformation, she must call upon the courage she never knew she had to free her family.",104.619,8.54,15130,tt0245429,8.542076875387476
Parasite,2019-05-30,"All unemployed, Ki-taek's family takes peculiar interest in the wealthy and glamorous Parks for their livelihood until they get entangled in an unexpected incident.",106.749,8.515,16682,tt6751668,8.518308449270446
The Dark Knight,2008-07-16,"Batman raises the stakes in his war on crime. With the help of Lt. Jim Gordon and District Attorney Harvey Dent, Batman sets out to dismantle the remaining criminal organizations that plague the streets. The partnership proves to be effective, but they soon find themselves prey to a reign of chaos unleashed by a rising criminal mastermind known to the terrified citizens of Gotham as the Joker.",127.08,8.514,30958,tt0468569,8.51586181863696
The Green Mile,1999-12-10,"A supernatural tale set on death row in a Southern prison, where gentle giant John Coffey possesses the mysterious power to heal people's ailments. When the cell block's head guard, Paul Edgecomb, recognizes Coffey's miraculous gift, he tries desperately to help stave off the condemned man's execution.",100.097,8.509,16160,tt0120689,8.512758741258741
